id,first_name,last_name,email,gender,ip_address
1,Gretal,Newby,gnewby0@nasa.gov,Female,124.7.111.62
2,Schuyler,Stubbings,sstubbings1@1und1.de,Male,113.76.160.1
3,Jim,Warden,jwarden2@icio.us,Male,211.2.240.147
4,Maureen,Worswick,mworswick3@fastcompany.com,Female,80.184.193.95
5,Christophe,Downs,cdowns4@flavors.me,Non-binary,135.251.109.202
6,Gaile,Alldred,galldred5@furl.net,Male,241.32.55.231
7,Etta,Greenaway,egreenaway6@chron.com,Female,119.191.21.71
8,Jonis,Blaase,jblaase7@nps.gov,Female,134.157.176.166
9,Casie,Danzig,cdanzig8@marketwatch.com,Female,82.87.192.222
10,Rory,Higbin,rhigbin9@soup.io,Female,198.215.66.237
11,Banky,Goold,bgoolda@wsj.com,Male,142.50.83.31
12,Dalston,Alvaro,dalvarob@si.edu,Male,1.162.221.151
13,Berta,Maile,bmailec@pagesperso-orange.fr,Female,155.238.139.201
14,Jerrilee,Cansdall,jcansdalld@wordpress.com,Female,10.68.155.216
15,Jess,Kornyshev,jkornysheve@istockphoto.com,Female,178.95.83.7
16,Art,Mapston,amapstonf@barnesandnoble.com,Male,135.249.112.181
17,Diego,Mettrick,dmettrickg@paginegialle.it,Male,58.174.229.58
18,Kylila,Andrei,kandreih@va.gov,Female,51.117.251.84
19,Aviva,Islip,aislipi@weibo.com,Female,202.102.111.125
20,Law,Van der Merwe,lvandermerwej@springer.com,Male,108.171.44.100
21,Melvyn,Trazzi,mtrazzik@mac.com,Male,67.180.18.181
22,Krystalle,Malenfant,kmalenfantl@topsy.com,Female,250.164.135.134
23,Curran,Orthmann,corthmannm@discuz.net,Male,187.190.8.238
24,Cordie,Coggell,ccoggelln@imgur.com,Female,188.188.251.50
25,Tadeo,Hatch,thatcho@ifeng.com,Male,43.58.145.161
26,Chad,Durkin,cdurkinp@google.es,Female,207.165.156.208
27,Matthaeus,Runchman,mrunchmanq@theglobeandmail.com,Non-binary,235.152.138.187
28,Benoite,Phillcox,bphillcoxr@ucla.edu,Female,165.255.106.136
29,Marcel,McKeady,mmckeadys@google.co.uk,Male,225.147.204.244
30,Rory,Stanion,rstaniont@theguardian.com,Bigender,235.167.141.145
31,Jeri,Hugin,jhuginu@bandcamp.com,Female,199.34.105.147
32,Danyelle,Mingus,dmingusv@topsy.com,Female,9.155.227.117
33,Margaretha,Weddell,mweddellw@odnoklassniki.ru,Female,116.220.217.74
34,Lorne,Ball,lballx@examiner.com,Genderqueer,39.81.88.0
35,Barron,Fishbourn,bfishbourny@nydailynews.com,Male,112.63.193.67
36,Renelle,Stanex,rstanexz@myspace.com,Female,148.26.235.208
37,Shane,Emms,semms10@patch.com,Male,56.120.40.242
38,Bram,Golston,bgolston11@redcross.org,Male,39.253.106.236
39,Remy,Lifsey,rlifsey12@go.com,Female,93.117.218.62
40,Maisie,Josovich,mjosovich13@auda.org.au,Female,37.113.255.189
41,Grantley,Leatham,gleatham14@icio.us,Polygender,81.245.76.109
42,Mead,Larrington,mlarrington15@webeden.co.uk,Female,99.211.192.150
43,Wood,Tarplee,wtarplee16@dot.gov,Male,182.165.120.186
44,Joceline,McGiffin,jmcgiffin17@addtoany.com,Bigender,211.115.171.69
45,Leonidas,Ross,lross18@miitbeian.gov.cn,Non-binary,150.177.119.172
46,Vergil,Harnott,vharnott19@ocn.ne.jp,Male,12.18.65.64
47,Bernie,Locks,blocks1a@elpais.com,Female,222.18.46.107
48,Thaxter,Wyd,twyd1b@house.gov,Male,241.197.178.174
49,Cacilie,Calderonello,ccalderonello1c@nps.gov,Female,37.84.227.30
50,Laura,Slowley,lslowley1d@nasa.gov,Female,178.182.14.191
51,Sigfried,Leither,sleither1e@trellian.com,Male,130.136.85.247
52,Leeland,Corcoran,lcorcoran1f@odnoklassniki.ru,Male,98.134.61.91
53,Nelia,Beven,nbeven1g@jalbum.net,Female,150.92.97.213
54,Noe,Costigan,ncostigan1h@tuttocitta.it,Male,10.3.97.203
55,Adore,Proud,aproud1i@adobe.com,Female,135.154.186.239
56,Nance,Akenhead,nakenhead1j@ycombinator.com,Non-binary,40.130.122.35
57,Ursola,Gramer,ugramer1k@zimbio.com,Female,51.236.181.116
58,Gideon,Windows,gwindows1l@sbwire.com,Male,40.188.231.82
59,Silvester,Windle,swindle1m@furl.net,Male,45.174.29.92
60,Beatriz,Wisher,bwisher1n@wordpress.org,Female,97.221.197.112
61,Pearline,Picken,ppicken1o@army.mil,Female,110.146.246.246
62,Abbie,Babidge,ababidge1p@bbc.co.uk,Male,169.52.164.178
63,Larissa,Winsom,lwinsom1q@bloomberg.com,Female,173.219.141.47
64,Laurella,Timbs,ltimbs1r@cpanel.net,Female,193.21.102.23
65,Mattias,Exley,mexley1s@blogs.com,Male,187.134.117.27
66,Rowney,Neasam,rneasam1t@godaddy.com,Male,21.250.246.170
67,Louella,Saynor,lsaynor1u@vinaora.com,Female,180.203.47.104
68,Cecilia,Von Der Empten,cvonderempten1v@163.com,Female,197.6.88.121
69,Darrick,Jurisic,djurisic1w@blogs.com,Male,139.95.165.103
70,Shepperd,Riddiford,sriddiford1x@imgur.com,Male,64.146.123.106
71,Rosella,Oris,roris1y@ycombinator.com,Female,5.19.44.243
72,Minta,Gitting,mgitting1z@flickr.com,Female,214.152.66.39
73,Esther,Andover,eandover20@about.com,Female,237.201.235.30
74,Dannel,Drever,ddrever21@ihg.com,Male,245.40.146.131
75,Rica,Coffey,rcoffey22@columbia.edu,Female,139.34.198.118
76,Iver,Kendle,ikendle23@rambler.ru,Male,236.136.31.209
77,Barbara,Fitchett,bfitchett24@umich.edu,Female,22.7.37.155
78,Udall,Willstrop,uwillstrop25@github.com,Male,114.64.131.212
79,Shantee,Rapo,srapo26@ycombinator.com,Genderfluid,30.254.111.227
80,Boigie,Warry,bwarry27@mtv.com,Male,145.90.200.251
81,Giuseppe,Bilyard,gbilyard28@dailymail.co.uk,Male,135.67.144.142
82,Elizabeth,Applewhite,eapplewhite29@xing.com,Female,102.40.111.4
83,Dougie,Stonehouse,dstonehouse2a@de.vu,Male,14.156.135.75
84,Mariellen,Beeck,mbeeck2b@oakley.com,Female,227.57.198.64
85,Caddric,Bittany,cbittany2c@zimbio.com,Male,74.39.136.2
86,Katrina,Astupenas,kastupenas2d@ed.gov,Female,135.215.55.159
87,Brigham,Penswick,bpenswick2e@vkontakte.ru,Male,50.73.14.47
88,Davide,Seeley,dseeley2f@irs.gov,Male,91.217.135.155
89,Amalie,Neilands,aneilands2g@wordpress.com,Female,43.35.214.191
90,Perl,Pople,ppople2h@samsung.com,Female,83.168.131.252
91,Bellina,Squires,bsquires2i@nhs.uk,Female,39.153.87.154
92,Jillana,Reilinger,jreilinger2j@mayoclinic.com,Female,158.141.217.79
93,Dukie,Crinidge,dcrinidge2k@whitehouse.gov,Male,109.176.144.76
94,Maurine,Mellenby,mmellenby2l@discovery.com,Female,221.84.126.65
95,Elton,Paradine,eparadine2m@gmpg.org,Male,10.24.126.58
96,Howey,Stott,hstott2n@netlog.com,Male,223.156.114.148
97,Hildagarde,Jeary,hjeary2o@fda.gov,Female,158.49.199.154
98,Adrian,Gatley,agatley2p@topsy.com,Male,181.170.75.86
99,Connor,McGriele,cmcgriele2q@furl.net,Male,245.37.30.158
100,Alidia,Geary,ageary2r@people.com.cn,Female,193.26.42.8
101,Georg,Daveran,gdaveran2s@facebook.com,Male,131.32.67.88
102,Marlie,Ivanovic,mivanovic2t@foxnews.com,Female,106.81.37.226
103,Gilli,Coil,gcoil2u@smh.com.au,Female,67.158.63.41
104,Ardra,Oliver,aoliver2v@constantcontact.com,Female,138.63.233.52
105,Roshelle,Jowsey,rjowsey2w@illinois.edu,Female,83.105.112.131
106,Lawton,Leversha,lleversha2x@hibu.com,Male,61.249.246.221
107,Lynda,Burke,lburke2y@over-blog.com,Female,223.249.110.44
108,Adrea,Wash,awash2z@arizona.edu,Agender,119.250.193.219
109,Heddi,Lyptrade,hlyptrade30@businesswire.com,Female,163.160.84.8
110,Robbyn,Philps,rphilps31@hostgator.com,Female,24.152.131.105
111,Morten,Gidney,mgidney32@desdev.cn,Male,73.103.241.25
112,Manolo,Kelston,mkelston33@statcounter.com,Genderqueer,227.117.60.18
113,Bibbie,Sergent,bsergent34@oracle.com,Female,215.252.1.56
114,Vergil,Valder,vvalder35@1688.com,Male,165.16.219.46
115,Ronnica,Kemson,rkemson36@zimbio.com,Female,240.43.98.10
116,Bebe,Rickard,brickard37@fema.gov,Female,187.126.153.99
117,Malcolm,Kirkhouse,mkirkhouse38@vk.com,Male,155.126.5.145
118,Cole,Dunkinson,cdunkinson39@apple.com,Male,108.222.152.107
119,Winnie,Ricks,wricks3a@dell.com,Female,148.30.144.48
120,Lishe,Orwell,lorwell3b@ifeng.com,Female,130.63.17.183
121,Wolf,McElmurray,wmcelmurray3c@creativecommons.org,Male,228.215.186.125
122,Rand,Shoebotham,rshoebotham3d@techcrunch.com,Male,232.6.92.70
123,Lucian,O'Sheilds,losheilds3e@thetimes.co.uk,Non-binary,32.235.165.212
124,Sonnie,Macci,smacci3f@deliciousdays.com,Male,95.91.87.88
125,Nicko,Childerhouse,nchilderhouse3g@sitemeter.com,Male,167.85.73.156
126,Orelle,Jephson,ojephson3h@ning.com,Female,116.21.154.220
127,Megen,Liell,mliell3i@virginia.edu,Female,89.5.165.26
128,Frederigo,Mion,fmion3j@businesswire.com,Male,207.208.34.234
129,Nicolas,Harvett,nharvett3k@rediff.com,Male,146.126.227.34
130,Waverly,McGilben,wmcgilben3l@foxnews.com,Male,182.112.94.179
131,Ranna,Bidder,rbidder3m@cbc.ca,Female,40.219.135.117
132,Maddy,Trundell,mtrundell3n@dyndns.org,Genderqueer,220.201.167.58
133,Lonny,Rubel,lrubel3o@a8.net,Male,52.70.2.25
134,Nedda,Mikalski,nmikalski3p@hao123.com,Female,182.134.212.141
135,Alastair,McCurley,amccurley3q@xrea.com,Male,85.195.23.25
136,Adriaens,Siemon,asiemon3r@kickstarter.com,Female,215.40.88.228
137,Edwin,Fort,efort3s@businessinsider.com,Male,59.94.155.128
138,Wheeler,Colvine,wcolvine3t@wired.com,Male,205.75.233.121
139,Christiano,Etches,cetches3u@tinyurl.com,Male,122.25.191.62
140,Glynda,Gryglewski,ggryglewski3v@dot.gov,Female,59.54.125.70
141,Cacilie,Donnett,cdonnett3w@dagondesign.com,Female,23.178.1.127
142,Lonni,Rosenblath,lrosenblath3x@howstuffworks.com,Female,242.44.191.31
143,Gert,McGraith,gmcgraith3y@cam.ac.uk,Female,246.204.150.109
144,Stacy,Spurriar,sspurriar3z@usa.gov,Female,24.165.44.209
145,Raphaela,Wride,rwride40@ibm.com,Female,163.156.135.238
146,Nichole,Gipp,ngipp41@eventbrite.com,Female,45.67.58.254
147,Izabel,Pennicard,ipennicard42@mapy.cz,Female,3.3.205.161
148,Ode,Neylan,oneylan43@yale.edu,Male,62.90.194.248
149,Putnem,Leah,pleah44@comcast.net,Male,121.31.29.34
150,Teena,McElroy,tmcelroy45@spotify.com,Female,139.120.44.67
151,Land,Sinson,lsinson46@earthlink.net,Male,28.130.71.158
152,Andrei,Shelton,ashelton47@aboutads.info,Female,160.222.206.196
153,Horten,McCart,hmccart48@theguardian.com,Male,67.87.16.142
154,Jermaine,Yesenev,jyesenev49@shutterfly.com,Male,127.92.130.24
155,Camel,Okie,cokie4a@microsoft.com,Female,73.200.143.161
156,Philis,Ellen,pellen4b@ed.gov,Female,120.20.22.173
157,Drona,Attwell,dattwell4c@twitter.com,Female,154.185.10.185
158,Sumner,Lapworth,slapworth4d@ovh.net,Male,182.146.205.124
159,Gratia,Ansill,gansill4e@facebook.com,Female,237.110.248.66
160,Pace,Lilley,plilley4f@nhs.uk,Male,233.236.201.139
161,Marcel,von Grollmann,mvongrollmann4g@psu.edu,Male,103.34.180.42
162,Rhiamon,Linfield,rlinfield4h@qq.com,Agender,110.228.129.207
163,Jehanna,Gruczka,jgruczka4i@symantec.com,Non-binary,31.186.222.209
164,Ryon,Delacour,rdelacour4j@comsenz.com,Male,211.181.117.188
165,Melonie,Fincken,mfincken4k@miitbeian.gov.cn,Female,164.251.139.183
166,Callie,Verson,cverson4l@admin.ch,Female,190.117.2.136
167,Lana,Newbatt,lnewbatt4m@weebly.com,Female,12.35.217.131
168,Meyer,Dickson,mdickson4n@tripod.com,Male,45.252.179.215
169,Greggory,Umpleby,gumpleby4o@qq.com,Male,156.202.173.235
170,Blaine,Batalini,bbatalini4p@pcworld.com,Male,245.238.120.195
171,Evania,Fanning,efanning4q@soundcloud.com,Female,84.30.65.175
172,Lisbeth,Pettican,lpettican4r@cpanel.net,Female,138.201.44.203
173,Evangelia,Hargreves,ehargreves4s@alibaba.com,Female,119.56.84.181
174,Danika,Ramard,dramard4t@rakuten.co.jp,Bigender,187.139.255.148
175,Marga,Chatain,mchatain4u@hexun.com,Female,243.150.17.42
176,Rebecka,Sammes,rsammes4v@sitemeter.com,Female,117.67.148.224
177,Robbin,Attrill,rattrill4w@hao123.com,Female,130.122.146.216
178,Farlee,Acors,facors4x@blogtalkradio.com,Male,253.16.86.175
179,Griffy,Phorsby,gphorsby4y@webeden.co.uk,Male,27.251.104.55
180,Algernon,Caunter,acaunter4z@biblegateway.com,Male,9.69.247.135
181,Ignacio,Fenelow,ifenelow50@google.it,Male,173.218.109.186
182,Brynn,Bernot,bbernot51@google.com.br,Female,40.104.204.112
183,Edvard,Bacup,ebacup52@dailymotion.com,Male,240.36.231.26
184,Veradis,Conisbee,vconisbee53@seattletimes.com,Polygender,14.66.195.187
185,Cyrill,Marfell,cmarfell54@paginegialle.it,Male,64.67.1.216
186,Alf,Rushmer,arushmer55@dmoz.org,Male,27.27.79.191
187,Wakefield,Waiting,wwaiting56@wordpress.com,Male,95.82.218.107
188,Robby,Crew,rcrew57@sbwire.com,Male,142.162.111.189
189,Shelley,Theml,stheml58@over-blog.com,Male,179.71.91.24
190,Redd,Overal,roveral59@jugem.jp,Male,120.251.37.167
191,Melodie,Dormon,mdormon5a@wikispaces.com,Female,159.2.93.200
192,Marta,Louder,mlouder5b@usatoday.com,Female,192.69.175.238
193,Alli,Paramore,aparamore5c@paypal.com,Female,124.9.142.204
194,Penrod,Wykes,pwykes5d@live.com,Genderqueer,102.98.3.100
195,Milissent,Frenchum,mfrenchum5e@cbsnews.com,Female,50.236.12.43
196,Ulises,McIlhatton,umcilhatton5f@twitter.com,Male,179.6.42.201
197,Ardelia,Hewins,ahewins5g@wunderground.com,Female,191.151.73.1
198,Joey,Somerscales,jsomerscales5h@infoseek.co.jp,Male,16.210.72.26
199,Elene,De Courtney,edecourtney5i@netlog.com,Female,240.6.79.168
200,Bonnee,Pedlingham,bpedlingham5j@angelfire.com,Female,110.20.147.209
201,Dunstan,Myatt,dmyatt5k@virginia.edu,Male,125.106.5.97
202,Rudiger,De Mitri,rdemitri5l@go.com,Male,213.146.87.127
203,Steve,Mulhill,smulhill5m@globo.com,Male,223.211.10.56
204,Corrine,Millom,cmillom5n@dell.com,Female,16.160.42.86
205,Eleanora,Bruyntjes,ebruyntjes5o@plala.or.jp,Female,214.212.167.129
206,Dory,Trusslove,dtrusslove5p@purevolume.com,Female,126.154.120.226
207,Flynn,Swannack,fswannack5q@bbc.co.uk,Male,128.205.57.101
208,Heddi,Lasselle,hlasselle5r@flavors.me,Female,17.216.54.84
209,Honor,Niland,hniland5s@biblegateway.com,Female,214.248.227.30
210,Tuesday,Robertson,trobertson5t@woothemes.com,Agender,232.69.244.133
211,Norbie,Gillott,ngillott5u@slideshare.net,Male,103.134.113.222
212,Arvie,Telford,atelford5v@springer.com,Polygender,114.25.198.40
213,Carolee,Twelvetrees,ctwelvetrees5w@ifeng.com,Female,175.147.215.191
214,Gretel,O'Neill,goneill5x@angelfire.com,Female,161.50.36.47
215,Lotte,Kesey,lkesey5y@smugmug.com,Female,193.56.40.67
216,Billie,Basil,bbasil5z@webmd.com,Female,80.94.228.7
217,Kareem,Farthin,kfarthin60@cocolog-nifty.com,Male,174.104.67.59
218,Katina,Shellibeer,kshellibeer61@patch.com,Female,199.159.34.145
219,Eduard,Lapslie,elapslie62@illinois.edu,Male,249.49.253.147
220,Dalston,Ikringill,dikringill63@facebook.com,Male,86.244.225.83
221,Gabbi,Atlay,gatlay64@studiopress.com,Female,8.64.171.5
222,Hill,Wickerson,hwickerson65@ehow.com,Male,191.187.84.95
223,Shalne,Kneeland,skneeland66@state.gov,Female,63.211.44.18
224,Wilmette,Atwool,watwool67@wp.com,Female,20.246.86.7
225,Karia,Dugood,kdugood68@yahoo.co.jp,Female,1.8.54.129
226,Verla,Martinello,vmartinello69@goodreads.com,Agender,105.110.149.192
227,Shandeigh,Isgar,sisgar6a@imgur.com,Female,49.223.44.243
228,Lynnette,Martina,lmartina6b@sun.com,Female,105.171.209.198
229,Lurette,Shilvock,lshilvock6c@amazonaws.com,Female,254.187.226.153
230,Vidovik,Witch,vwitch6d@ca.gov,Male,118.150.13.53
231,Daven,Dymocke,ddymocke6e@gnu.org,Male,168.55.156.120
232,Clementia,Wisdom,cwisdom6f@columbia.edu,Female,172.65.121.35
233,Hettie,Straffon,hstraffon6g@cyberchimps.com,Female,102.95.150.140
234,Edvard,Allbut,eallbut6h@patch.com,Male,60.50.83.142
235,Anson,Radage,aradage6i@ning.com,Male,87.136.207.39
236,Thedrick,Sapshed,tsapshed6j@marketwatch.com,Male,38.250.232.89
237,Riley,Waith,rwaith6k@businessweek.com,Male,72.166.228.49
238,Riobard,Burnip,rburnip6l@multiply.com,Male,228.218.239.27
239,Erie,Gudger,egudger6m@instagram.com,Male,101.249.69.200
240,Cathleen,Easseby,ceasseby6n@printfriendly.com,Non-binary,58.152.126.160
241,Paxton,Elvy,pelvy6o@bing.com,Male,145.68.34.85
242,Matelda,Iacovini,miacovini6p@tamu.edu,Female,183.86.227.183
243,Kaspar,Bestiman,kbestiman6q@mashable.com,Male,40.16.95.98
244,Lorine,Muldrew,lmuldrew6r@tamu.edu,Female,120.77.64.26
245,Emmie,Jersch,ejersch6s@ucoz.ru,Female,137.128.7.236
246,Kristian,Haseman,khaseman6t@ovh.net,Male,89.76.79.247
247,Desdemona,Andriolli,dandriolli6u@shutterfly.com,Female,148.159.24.40
248,Billy,Oertzen,boertzen6v@prnewswire.com,Male,192.15.14.61
249,Minna,Quinlan,mquinlan6w@berkeley.edu,Female,62.173.101.58
250,Vernon,Terrey,vterrey6x@boston.com,Male,234.32.169.200
251,Annamaria,Duffil,aduffil6y@latimes.com,Female,45.156.208.178
252,Ab,Van Der Vlies,avandervlies6z@cnbc.com,Male,235.100.182.209
253,Quincy,Henricsson,qhenricsson70@wikispaces.com,Male,15.169.241.22
254,Corliss,Fenemore,cfenemore71@plala.or.jp,Female,12.151.110.103
255,Gilles,Botte,gbotte72@liveinternet.ru,Male,129.154.8.30
256,Gasper,Moretto,gmoretto73@howstuffworks.com,Male,138.157.236.151
257,Odelle,Goozee,ogoozee74@irs.gov,Female,105.140.65.119
258,Michal,Capey,mcapey75@hud.gov,Male,41.187.193.174
259,Ardisj,Minmagh,aminmagh76@europa.eu,Female,119.79.112.181
260,Maggi,Eakins,meakins77@eventbrite.com,Female,29.144.220.110
261,Manfred,Tessington,mtessington78@hc360.com,Male,196.218.175.252
262,Flinn,Pharo,fpharo79@ning.com,Male,154.89.13.199
263,Ernestine,McCroary,emccroary7a@google.fr,Female,30.71.235.26
264,Vachel,Rojel,vrojel7b@bbc.co.uk,Male,64.168.208.177
265,Alexei,Kynton,akynton7c@discuz.net,Male,243.254.237.230
266,Cyndie,Gayforth,cgayforth7d@xing.com,Female,157.52.234.96
267,Skipper,Rainton,srainton7e@stanford.edu,Male,3.149.255.231
268,Hallsy,McConnal,hmcconnal7f@cnet.com,Male,252.186.87.232
269,Bastian,Cattroll,bcattroll7g@imdb.com,Male,241.177.199.21
270,Rebecca,Stroud,rstroud7h@bravesites.com,Female,139.158.178.121
271,Stanton,Kennedy,skennedy7i@nhs.uk,Male,53.143.227.6
272,Suzette,Yerrall,syerrall7j@about.me,Female,161.160.76.24
273,Joni,Kearle,jkearle7k@census.gov,Female,252.26.97.139
274,Fielding,Gresty,fgresty7l@reference.com,Male,26.7.90.78
275,Sibley,Dobble,sdobble7m@cafepress.com,Female,122.160.152.202
276,Trev,Garshore,tgarshore7n@nature.com,Male,30.53.237.138
277,Esta,Senchenko,esenchenko7o@istockphoto.com,Female,216.236.94.117
278,Joella,Kuhnt,jkuhnt7p@stanford.edu,Female,88.87.14.55
279,Harlan,Van Hove,hvanhove7q@ucsd.edu,Male,143.78.168.102
280,Fayre,Beiderbecke,fbeiderbecke7r@mashable.com,Female,117.125.153.112
281,Cary,Kilmurray,ckilmurray7s@scribd.com,Female,94.33.106.53
282,Marena,Kiellor,mkiellor7t@scribd.com,Female,163.38.220.139
283,Sutherland,Knoller,sknoller7u@4shared.com,Male,63.223.242.107
284,Gordy,Mistry,gmistry7v@gov.uk,Male,64.54.160.127
285,Price,Grut,pgrut7w@wufoo.com,Male,180.161.0.122
286,Tiphanie,Flippelli,tflippelli7x@gnu.org,Female,139.226.109.240
287,Lanita,Lambert,llambert7y@soup.io,Female,209.143.178.114
288,Coleen,Le Guin,cleguin7z@tripadvisor.com,Female,11.148.194.144
289,Dolli,Hewkin,dhewkin80@slate.com,Female,31.245.7.184
290,Woodman,Town,wtown81@woothemes.com,Male,145.73.163.162
291,Lani,Papen,lpapen82@senate.gov,Female,188.4.120.232
292,Crawford,Comben,ccomben83@dailymail.co.uk,Male,61.117.59.251
293,Anet,Vasenkov,avasenkov84@seesaa.net,Female,76.183.147.205
294,Noe,Kolakowski,nkolakowski85@networksolutions.com,Male,77.224.167.136
295,Gayler,Dimberline,gdimberline86@archive.org,Male,10.28.117.183
296,Phillis,Robbins,probbins87@comcast.net,Female,170.66.209.136
297,Raf,Gustus,rgustus88@jugem.jp,Female,58.242.235.201
298,Arni,Clutterbuck,aclutterbuck89@businesswire.com,Male,62.195.107.62
299,Sigfried,Boliver,sboliver8a@hexun.com,Male,134.27.253.201
300,Mose,Burnyate,mburnyate8b@shareasale.com,Male,95.39.9.96
301,Cristin,Celloni,ccelloni8c@reverbnation.com,Female,176.2.2.97
302,Bayard,Kunert,bkunert8d@imdb.com,Male,151.187.76.104
303,Merrick,Chase,mchase8e@csmonitor.com,Male,112.125.237.91
304,Elka,Markovic,emarkovic8f@foxnews.com,Female,199.205.160.213
305,Sauncho,Yankeev,syankeev8g@google.co.uk,Male,2.69.120.185
306,Kerry,Port,kport8h@macromedia.com,Male,64.10.205.98
307,Dieter,Haccleton,dhaccleton8i@wikimedia.org,Male,25.9.5.30
308,Wenonah,Gerring,wgerring8j@comsenz.com,Female,142.113.186.246
309,Lucia,Balam,lbalam8k@examiner.com,Female,146.254.4.230
310,Scot,Neilus,sneilus8l@toplist.cz,Male,164.87.45.137
311,Hank,Cloute,hcloute8m@mediafire.com,Male,106.202.91.119
312,Christel,Flett,cflett8n@canalblog.com,Female,81.7.205.244
313,Melitta,Huckett,mhuckett8o@youtube.com,Female,155.183.115.106
314,Alison,Isley,aisley8p@psu.edu,Female,164.242.127.241
315,Lincoln,Blaxlande,lblaxlande8q@huffingtonpost.com,Male,187.124.205.104
316,Skyler,Cummins,scummins8r@cyberchimps.com,Male,153.189.252.40
317,Fredrick,Leppard,fleppard8s@boston.com,Male,195.205.166.88
318,Juieta,Jeromson,jjeromson8t@reverbnation.com,Female,78.86.27.212
319,Raye,Petteford,rpetteford8u@virginia.edu,Female,236.36.33.204
320,Yves,Rembrandt,yrembrandt8v@unesco.org,Male,230.45.39.5
321,Gerardo,Janda,gjanda8w@t.co,Male,16.239.207.83
322,Dolores,Tremberth,dtremberth8x@ebay.co.uk,Female,218.230.109.102
323,Cosetta,Lehon,clehon8y@cbslocal.com,Female,120.244.76.117
324,Mia,Blakeley,mblakeley8z@nba.com,Female,5.220.219.186
325,Gertruda,Bartozzi,gbartozzi90@nyu.edu,Female,79.234.125.151
326,Yard,Saunders,ysaunders91@ihg.com,Male,17.177.218.57
327,Sigismundo,Samworth,ssamworth92@cam.ac.uk,Male,74.138.129.150
328,Calli,Bortolini,cbortolini93@parallels.com,Female,249.157.238.69
329,Llywellyn,Fairall,lfairall94@cocolog-nifty.com,Male,184.206.151.160
330,Marlo,Powton,mpowton95@opera.com,Female,149.173.199.22
331,Benedick,Moyce,bmoyce96@themeforest.net,Polygender,191.96.139.165
332,Cissiee,Langrish,clangrish97@dagondesign.com,Female,23.127.71.208
333,Baryram,Zuanelli,bzuanelli98@mtv.com,Male,123.204.58.29
334,Gregor,Steenson,gsteenson99@squarespace.com,Male,223.141.33.244
335,Brew,Seymark,bseymark9a@mozilla.org,Male,98.57.167.167
336,Ryann,Abilowitz,rabilowitz9b@cloudflare.com,Female,15.175.241.73
337,Bourke,Ivoshin,bivoshin9c@angelfire.com,Male,58.154.97.59
338,Babbette,McCanny,bmccanny9d@globo.com,Female,232.42.213.46
339,Chantalle,Weine,cweine9e@ifeng.com,Female,97.98.157.53
340,Hildy,Cready,hcready9f@arizona.edu,Genderqueer,9.33.167.203
341,Sharona,Gemeau,sgemeau9g@bloglines.com,Female,189.139.37.189
342,Truda,Paybody,tpaybody9h@bloglovin.com,Female,33.248.126.223
343,Sheffy,Cottage,scottage9i@wufoo.com,Male,81.28.157.67
344,Robbi,Rubica,rrubica9j@devhub.com,Female,48.95.21.124
345,Adlai,Hurich,ahurich9k@unesco.org,Male,160.112.18.201
346,Markus,Richfield,mrichfield9l@nationalgeographic.com,Male,81.115.85.86
347,Charley,Wharton,cwharton9m@i2i.jp,Male,76.176.192.45
348,Reggy,Ainsworth,rainsworth9n@weather.com,Male,121.131.79.160
349,Caresa,Lamyman,clamyman9o@mediafire.com,Female,115.91.240.12
350,Bordie,Slimings,bslimings9p@edublogs.org,Male,241.169.239.226
351,Waldemar,Wand,wwand9q@wikipedia.org,Male,102.161.124.70
352,Felita,Merrgen,fmerrgen9r@mysql.com,Female,154.113.215.136
353,Enrique,Blois,eblois9s@yellowpages.com,Male,198.18.243.228
354,Elisabetta,Furminger,efurminger9t@cloudflare.com,Female,183.98.244.145
355,Sherie,Corteis,scorteis9u@buzzfeed.com,Female,184.65.250.28
356,Pru,Ondricek,pondricek9v@statcounter.com,Female,55.73.162.131
357,Faustine,Sowrah,fsowrah9w@bizjournals.com,Female,247.75.79.8
358,Lonnie,Dine-Hart,ldinehart9x@multiply.com,Male,27.53.204.93
359,Frasier,Jolliman,fjolliman9y@vk.com,Male,87.246.45.129
360,Darbie,Merring,dmerring9z@soundcloud.com,Female,107.58.14.70
361,Laurie,Hampstead,lhampsteada0@flickr.com,Female,174.68.196.182
362,Derby,Pierce,dpiercea1@bbb.org,Male,16.2.69.222
363,Enriqueta,Lugton,elugtona2@answers.com,Female,3.215.159.128
364,Crawford,Berzins,cberzinsa3@webnode.com,Male,82.110.105.70
365,Brietta,Pinchbeck,bpinchbecka4@amazon.com,Female,79.18.126.237
366,Sigismondo,Bentzen,sbentzena5@digg.com,Male,240.5.25.185
367,Cristionna,Silliman,csillimana6@jugem.jp,Female,239.58.175.46
368,Meier,Najera,mnajeraa7@cpanel.net,Male,237.143.76.220
369,Dara,Yole,dyolea8@ustream.tv,Female,154.151.169.221
370,Leicester,O'Skehan,loskehana9@webeden.co.uk,Polygender,7.90.120.56
371,Hale,Gilardoni,hgilardoniaa@mlb.com,Male,250.64.15.142
372,Mariette,Oldroyde,moldroydeab@army.mil,Female,21.222.156.117
373,Ronni,Gorwood,rgorwoodac@utexas.edu,Female,30.155.19.25
374,Yevette,Hugh,yhughad@google.it,Female,75.10.214.109
375,Roarke,Mertin,rmertinae@storify.com,Male,68.240.250.176
376,Grata,Baniard,gbaniardaf@cmu.edu,Female,44.252.243.64
377,Pooh,Haithwaite,phaithwaiteag@vimeo.com,Male,147.93.221.252
378,Ruy,Riggs,rriggsah@ibm.com,Male,128.165.133.103
379,Ania,Kenset,akensetai@army.mil,Genderqueer,136.39.110.185
380,Flore,Barthel,fbarthelaj@wsj.com,Female,252.170.223.40
381,Kenny,Keane,kkeaneak@un.org,Male,223.108.79.191
382,Ginelle,Wordley,gwordleyal@flavors.me,Female,212.196.171.190
383,Cassie,Scimonelli,cscimonelliam@liveinternet.ru,Male,206.46.37.197
384,Tannie,Chamney,tchamneyan@so-net.ne.jp,Male,172.241.221.5
385,Bar,Somersett,bsomersettao@youtube.com,Male,88.66.214.108
386,Rozanna,Corington,rcoringtonap@ask.com,Female,220.112.3.51
387,Arluene,Lees,aleesaq@purevolume.com,Female,52.139.59.165
388,Trumann,Smaling,tsmalingar@cdc.gov,Male,30.190.41.120
389,Tabina,Gillman,tgillmanas@bbc.co.uk,Female,162.139.208.94
390,Nikaniki,Heynen,nheynenat@bigcartel.com,Female,216.205.15.5
391,Dallas,Flanders,dflandersau@1und1.de,Male,112.219.16.240
392,Cazzie,Bortolussi,cbortolussiav@instagram.com,Male,195.71.48.14
393,Gawain,Sobczak,gsobczakaw@chicagotribune.com,Male,86.127.177.31
394,Sher,Grigolon,sgrigolonax@nasa.gov,Female,88.185.100.213
395,Lind,Chelsom,lchelsomay@purevolume.com,Male,138.0.142.119
396,Kaitlyn,Tomasz,ktomaszaz@blogspot.com,Female,155.16.125.246
397,Joelle,Gianelli,jgianellib0@gmpg.org,Female,186.93.116.48
398,Florri,Detoile,fdetoileb1@google.co.jp,Female,239.84.223.132
399,Enrico,Haspineall,ehaspineallb2@smh.com.au,Male,176.97.143.16
400,Orland,Espinazo,oespinazob3@biblegateway.com,Male,39.175.48.137
401,Juline,Miche,jmicheb4@skype.com,Female,205.18.171.97
402,Boothe,Fawdrey,bfawdreyb5@twitter.com,Male,162.28.181.149
403,Nertie,Gideon,ngideonb6@addthis.com,Female,62.87.196.187
404,Reuben,Symon,rsymonb7@e-recht24.de,Male,221.3.218.70
405,Tandie,Gostick,tgostickb8@army.mil,Female,255.86.150.222
406,Jameson,Ivashintsov,jivashintsovb9@zimbio.com,Genderqueer,144.95.210.225
407,Marys,Duchasteau,mduchasteauba@youku.com,Female,184.122.248.51
408,Bethany,Copeland,bcopelandbb@mapquest.com,Female,170.132.13.240
409,Matilda,Wickson,mwicksonbc@intel.com,Female,152.66.214.147
410,Teddy,Charville,tcharvillebd@trellian.com,Female,149.82.90.112
411,Laverne,Mullarkey,lmullarkeybe@skype.com,Female,254.93.174.105
412,Frederigo,Bon,fbonbf@t.co,Male,14.8.151.216
413,Sumner,Drew-Clifton,sdrewcliftonbg@google.pl,Male,61.38.20.239
414,Lonnie,Mowne,lmownebh@engadget.com,Male,153.138.168.212
415,Ailey,Kitcat,akitcatbi@friendfeed.com,Female,58.184.207.127
416,Guillermo,Sturzaker,gsturzakerbj@google.ru,Male,124.228.147.25
417,Trumann,Cleare,tclearebk@amazonaws.com,Agender,212.61.199.206
418,Skippy,Dogerty,sdogertybl@rediff.com,Agender,78.210.220.166
419,Alexandros,Tivnan,ativnanbm@dyndns.org,Genderfluid,209.217.170.2
420,Milena,Bernardet,mbernardetbn@soundcloud.com,Female,97.201.78.184
421,Tyson,Matyugin,tmatyuginbo@theguardian.com,Male,236.28.228.25
422,Norma,Penk,npenkbp@google.com.br,Female,31.99.69.172
423,Trix,MacGowing,tmacgowingbq@fema.gov,Female,214.193.44.242
424,Kimberli,Jonczyk,kjonczykbr@foxnews.com,Female,143.145.244.240
425,Haily,Bucktrout,hbucktroutbs@diigo.com,Female,121.107.53.157
426,Johannah,Vlasenkov,jvlasenkovbt@msu.edu,Female,152.77.161.142
427,Juieta,Keegan,jkeeganbu@dmoz.org,Female,20.216.90.73
428,Ingemar,Mosley,imosleybv@mozilla.org,Male,134.29.126.150
429,Rudd,Gai,rgaibw@cyberchimps.com,Male,246.33.253.245
430,Mabel,Larne,mlarnebx@last.fm,Female,71.214.195.138
431,Mathe,Jarry,mjarryby@sciencedaily.com,Male,202.167.84.198
432,Milton,Maryska,mmaryskabz@livejournal.com,Male,64.92.87.112
433,Gale,Ealles,geallesc0@opera.com,Female,204.160.155.24
434,Willem,Verrier,wverrierc1@disqus.com,Male,35.235.132.127
435,Grayce,Garforth,ggarforthc2@oaic.gov.au,Female,46.136.172.40
436,Baudoin,Cockley,bcockleyc3@tripadvisor.com,Male,22.244.111.2
437,Inge,Collyns,icollynsc4@nytimes.com,Female,61.85.128.60
438,Pincas,Pavlovic,ppavlovicc5@ezinearticles.com,Male,182.108.102.88
439,Justin,Voce,jvocec6@alibaba.com,Bigender,210.105.131.0
440,Blaine,Galsworthy,bgalsworthyc7@webnode.com,Male,246.166.69.8
441,Quinn,MacAlroy,qmacalroyc8@g.co,Male,184.167.136.4
442,Bess,Ishaki,bishakic9@themeforest.net,Female,178.249.115.253
443,Julie,McQueen,jmcqueenca@constantcontact.com,Non-binary,218.18.112.99
444,Dania,Freyne,dfreynecb@123-reg.co.uk,Female,234.201.107.211
445,King,Minet,kminetcc@plala.or.jp,Male,227.55.13.24
446,Bancroft,Rowth,browthcd@youtube.com,Male,162.237.47.4
447,Valle,Maskelyne,vmaskelynece@google.es,Male,195.190.16.220
448,Agathe,Scholling,aschollingcf@eventbrite.com,Polygender,15.108.240.72
449,Odette,Feitosa,ofeitosacg@linkedin.com,Female,20.122.114.163
450,Jenna,Kitchingman,jkitchingmanch@kickstarter.com,Female,159.59.46.81
451,Petronia,Hamblyn,phamblynci@shop-pro.jp,Female,159.146.184.88
452,Paolo,Peever,ppeevercj@umn.edu,Male,178.240.232.234
453,Manfred,Martindale,mmartindaleck@gizmodo.com,Male,31.182.79.51
454,Mendy,Parks,mparkscl@amazon.com,Male,24.250.122.171
455,Izzy,Chaundy,ichaundycm@bandcamp.com,Male,141.164.53.147
456,Magdalene,Skelcher,mskelchercn@purevolume.com,Female,96.26.141.133
457,Harris,Habbon,hhabbonco@samsung.com,Male,137.75.110.233
458,Verile,Charlewood,vcharlewoodcp@yellowbook.com,Female,28.65.125.6
459,Haleigh,Kimbrey,hkimbreycq@symantec.com,Male,34.221.233.66
460,Hebert,MacCafferty,hmaccaffertycr@over-blog.com,Male,139.12.80.159
461,Angelique,Daintree,adaintreecs@linkedin.com,Female,140.231.83.153
462,Welby,Domniney,wdomnineyct@unicef.org,Genderqueer,78.68.78.156
463,Jimmy,Elesander,jelesandercu@smugmug.com,Non-binary,13.107.15.82
464,Imelda,Dungay,idungaycv@com.com,Non-binary,252.85.78.190
465,Ingamar,Pixton,ipixtoncw@google.ca,Male,92.143.204.87
466,Lilah,Hastler,lhastlercx@moonfruit.com,Female,185.221.118.167
467,Ariel,Eschalotte,aeschalottecy@independent.co.uk,Female,126.128.216.165
468,Nataniel,Ilymanov,nilymanovcz@ifeng.com,Male,91.73.235.209
469,Goober,Stilliard,gstilliardd0@mapquest.com,Male,86.16.41.106
470,Winnifred,Smithe,wsmithed1@themeforest.net,Female,28.71.238.3
471,Staford,Vowels,svowelsd2@reuters.com,Genderqueer,38.122.48.54
472,Collete,Forde,cforded3@utexas.edu,Female,132.8.170.107
473,Siward,Allsobrook,sallsobrookd4@people.com.cn,Male,188.98.199.236
474,Allen,Colebourne,acolebourned5@storify.com,Male,178.57.112.141
475,Blane,Jurkowski,bjurkowskid6@linkedin.com,Male,159.217.198.53
476,Monte,Hamflett,mhamflettd7@infoseek.co.jp,Male,246.40.162.32
477,Ashien,Swanbourne,aswanbourned8@bing.com,Female,237.143.118.224
478,Millisent,Wainscot,mwainscotd9@utexas.edu,Female,12.238.173.80
479,Neils,Vernazza,nvernazzada@icio.us,Male,121.221.207.163
480,Sylas,Sketcher,ssketcherdb@dot.gov,Male,25.46.149.212
481,Roxanne,Forcade,rforcadedc@loc.gov,Female,188.39.217.163
482,Minta,Bruinsma,mbruinsmadd@elegantthemes.com,Female,206.17.98.199
483,Peggie,Dechelle,pdechellede@dyndns.org,Female,204.87.161.203
484,Lenard,Bereford,lbereforddf@liveinternet.ru,Male,81.155.208.81
485,Pietro,Papis,ppapisdg@qq.com,Male,41.210.120.243
486,Reinwald,Procter,rprocterdh@hud.gov,Male,144.156.97.254
487,Floyd,Mallam,fmallamdi@japanpost.jp,Male,33.249.135.91
488,Beatrisa,Sharpin,bsharpindj@51.la,Female,88.235.12.147
489,Tod,Eagers,teagersdk@ca.gov,Polygender,48.1.199.50
490,Berne,Auchterlony,bauchterlonydl@intel.com,Male,189.146.177.201
491,Isac,Winchcomb,iwinchcombdm@mac.com,Genderfluid,209.54.238.104
492,Andonis,Bartosinski,abartosinskidn@jigsy.com,Male,45.79.140.72
493,Hillary,McPeake,hmcpeakedo@alibaba.com,Female,66.158.174.159
494,Stormie,Karpman,skarpmandp@blogspot.com,Agender,241.88.143.117
495,Jacqueline,Element,jelementdq@miibeian.gov.cn,Female,162.209.189.190
496,Nikolas,Jenkerson,njenkersondr@nasa.gov,Male,8.72.191.131
497,Tiffi,Laven,tlavends@umich.edu,Female,106.114.130.190
498,Halley,Muglestone,hmuglestonedt@mit.edu,Female,171.216.234.5
499,Jamesy,Treacy,jtreacydu@cmu.edu,Genderqueer,18.137.225.40
500,Aharon,Whitlam,awhitlamdv@deliciousdays.com,Male,34.252.153.113
501,Wilbur,Sumbler,wsumblerdw@techcrunch.com,Male,112.40.133.85
502,Cecily,Daye,cdayedx@behance.net,Female,157.203.149.189
503,Manfred,Alekseev,malekseevdy@newsvine.com,Male,129.111.106.36
504,Stewart,Nobriga,snobrigadz@baidu.com,Male,89.121.192.151
505,Henrik,Birtwisle,hbirtwislee0@freewebs.com,Male,135.6.201.202
506,Yoko,Pace,ypacee1@senate.gov,Female,31.174.48.8
507,Arther,Ossenna,aossennae2@sciencedaily.com,Male,188.46.143.101
508,Demetri,Flintoff,dflintoffe3@goodreads.com,Male,248.86.57.10
509,Jamie,Obin,jobine4@webmd.com,Female,152.47.162.33
510,Justen,Trumble,jtrumblee5@boston.com,Male,86.88.45.75
511,Pavla,Causby,pcausbye6@nymag.com,Female,199.28.56.209
512,Ealasaid,Bonsale,ebonsalee7@hud.gov,Female,234.126.71.251
513,Ramsay,Sclater,rsclatere8@state.tx.us,Male,73.172.25.110
514,Ilysa,Swinglehurst,iswinglehurste9@ftc.gov,Female,111.183.130.214
515,Carleton,Hadgraft,chadgraftea@goodreads.com,Male,243.70.28.200
516,Frasco,Apfelmann,fapfelmanneb@japanpost.jp,Male,197.49.218.204
517,Homer,Petford,hpetfordec@mit.edu,Genderqueer,157.140.104.224
518,Maura,Heijne,mheijneed@myspace.com,Polygender,23.73.46.196
519,Stevy,Hatzar,shatzaree@tumblr.com,Male,116.23.153.13
520,Meryl,Haversum,mhaversumef@blogspot.com,Male,187.60.178.1
521,Dene,Ovens,dovenseg@sphinn.com,Male,91.158.224.0
522,Dyann,Blodget,dblodgeteh@ftc.gov,Female,99.121.68.242
523,Katy,Moller,kmollerei@apple.com,Female,66.101.129.65
524,Marcelia,Coursor,mcoursorej@icio.us,Genderqueer,36.51.48.246
525,Brittne,Dutt,bduttek@ameblo.jp,Female,163.108.49.129
526,Cesaro,Haydn,chaydnel@angelfire.com,Male,212.148.160.146
527,Sophia,Cantillon,scantillonem@vimeo.com,Agender,239.116.0.239
528,Olin,Diggons,odiggonsen@foxnews.com,Male,155.56.249.185
529,Gabriello,Rushton,grushtoneo@quantcast.com,Male,250.32.227.120
530,Valida,Beatty,vbeattyep@tmall.com,Female,247.140.201.177
531,Dud,Dunsmuir,ddunsmuireq@mit.edu,Genderfluid,61.141.215.216
532,Deeann,Baudts,dbaudtser@theatlantic.com,Female,248.170.9.225
533,Rinaldo,Rockell,rrockelles@google.ru,Male,221.156.238.3
534,Lane,Custard,lcustardet@elpais.com,Agender,65.245.170.5
535,Catherina,Phethean,cphetheaneu@chron.com,Female,45.143.119.226
536,Pietro,Revens,prevensev@tmall.com,Genderfluid,255.172.26.64
537,Valry,Brayshay,vbrayshayew@wix.com,Female,62.100.204.218
538,Ryun,Livzey,rlivzeyex@clickbank.net,Male,189.74.121.78
539,Lombard,Thomerson,lthomersoney@mapy.cz,Male,189.63.98.92
540,Claudine,Fellon,cfellonez@amazon.de,Female,249.81.130.182
541,Terence,Giacopello,tgiacopellof0@gnu.org,Male,231.20.30.251
542,Tracie,Seyler,tseylerf1@furl.net,Polygender,250.148.113.68
543,Colin,Lillyman,clillymanf2@soup.io,Male,90.114.38.123
544,Pincas,Tunno,ptunnof3@mozilla.com,Male,107.94.46.148
545,Madlen,Pencost,mpencostf4@privacy.gov.au,Female,33.28.18.158
546,Sal,Parsons,sparsonsf5@java.com,Male,139.47.124.168
547,Sanderson,Beert,sbeertf6@comsenz.com,Male,150.167.180.26
548,Jamie,Altree,jaltreef7@webs.com,Female,75.93.244.91
549,Pattie,Pasmore,ppasmoref8@springer.com,Female,25.123.70.219
550,Gerda,Minchella,gminchellaf9@photobucket.com,Agender,152.184.130.224
551,Carny,Bilsland,cbilslandfa@springer.com,Male,24.127.112.24
552,Helge,Mayzes,hmayzesfb@netvibes.com,Bigender,55.133.64.162
553,Ty,Kunz,tkunzfc@toplist.cz,Male,33.42.141.15
554,Silvia,Tue,stuefd@weather.com,Female,227.177.124.141
555,Vladimir,Cagan,vcaganfe@springer.com,Male,14.20.223.154
556,Derron,Mattiessen,dmattiessenff@seesaa.net,Male,7.253.118.21
557,Hildagarde,Fawdry,hfawdryfg@geocities.jp,Female,33.172.230.204
558,Dru,Manders,dmandersfh@discuz.net,Male,169.232.107.73
559,Riki,Moysey,rmoyseyfi@soundcloud.com,Female,97.250.243.239
560,Rhetta,MacAvaddy,rmacavaddyfj@princeton.edu,Female,217.126.221.231
561,Aksel,Trowbridge,atrowbridgefk@imageshack.us,Male,6.173.105.202
562,Cairistiona,Ruddock,cruddockfl@weibo.com,Female,108.188.234.107
563,Karol,Dangl,kdanglfm@bloomberg.com,Female,19.211.97.119
564,Guillema,Deppen,gdeppenfn@blogger.com,Female,234.151.8.193
565,Augustine,Feely,afeelyfo@mlb.com,Female,113.24.45.103
566,Aila,Whittam,awhittamfp@bloglines.com,Female,129.114.43.28
567,Reynold,Bavidge,rbavidgefq@histats.com,Male,245.229.238.43
568,Isak,Wadeling,iwadelingfr@reference.com,Male,39.4.73.47
569,Ada,Houtbie,ahoutbiefs@yolasite.com,Female,110.115.212.213
570,Benny,Trevers,btreversft@google.es,Male,152.242.201.41
571,Patience,Szymanek,pszymanekfu@wsj.com,Female,144.99.208.202
572,Somerset,Korda,skordafv@bloglines.com,Male,82.195.53.5
573,Pebrook,D'eathe,pdeathefw@wikia.com,Male,180.229.169.73
574,Cordell,Abrahamowitcz,cabrahamowitczfx@youtube.com,Male,160.166.56.135
575,Abagail,Gruczka,agruczkafy@nymag.com,Female,241.8.246.176
576,Hunter,Malden,hmaldenfz@behance.net,Male,118.128.78.163
577,Georg,Reolfo,greolfog0@jalbum.net,Male,88.15.199.168
578,Aleksandr,Lowis,alowisg1@dailymotion.com,Male,153.120.22.198
579,Odille,Sultan,osultang2@hostgator.com,Female,188.10.224.55
580,Berne,Crumley,bcrumleyg3@usa.gov,Male,27.154.138.147
581,Aaren,Mowatt,amowattg4@lycos.com,Female,159.25.73.222
582,Jud,Gehringer,jgehringerg5@wikia.com,Male,154.100.77.156
583,Cirilo,Hancill,chancillg6@friendfeed.com,Male,123.111.24.245
584,Leanna,Crosseland,lcrosselandg7@hao123.com,Female,9.214.104.190
585,Tasia,Titford,ttitfordg8@cam.ac.uk,Female,49.103.60.76
586,Chantalle,Shepley,cshepleyg9@taobao.com,Female,52.10.184.75
587,Agace,Oakly,aoaklyga@printfriendly.com,Female,15.126.174.236
588,Kerby,Blazevic,kblazevicgb@netvibes.com,Male,44.117.149.74
589,Angela,Dunkerton,adunkertongc@harvard.edu,Female,217.131.168.182
590,Clement,Coulman,ccoulmangd@fema.gov,Male,22.68.241.180
591,Dara,Koch,dkochge@mysql.com,Female,165.117.234.143
592,Em,Trembley,etrembleygf@fda.gov,Female,42.185.177.224
593,Dianemarie,Ales,dalesgg@ibm.com,Female,206.4.167.202
594,Kiel,Badsey,kbadseygh@printfriendly.com,Male,150.1.137.212
595,Tammara,Straun,tstraungi@networkadvertising.org,Agender,150.243.170.226
596,Whittaker,Haylock,whaylockgj@jigsy.com,Male,71.169.252.169
597,Homerus,Scorah,hscorahgk@epa.gov,Male,234.110.247.48
598,Marleah,MacKibbon,mmackibbongl@wikispaces.com,Female,184.77.46.177
599,Kinsley,Cockram,kcockramgm@theglobeandmail.com,Male,253.17.178.46
600,Rozamond,Raitie,rraitiegn@yahoo.com,Female,218.116.117.125
601,Georgena,MacMarcuis,gmacmarcuisgo@freewebs.com,Female,97.194.229.216
602,Myranda,Knapman,mknapmangp@fc2.com,Female,183.144.195.169
603,Byran,Harefoot,bharefootgq@odnoklassniki.ru,Male,217.191.145.94
604,Agace,Ashlin,aashlingr@soup.io,Female,47.171.85.65
605,Arlyne,Feavearyear,afeavearyeargs@desdev.cn,Genderfluid,166.69.145.33
606,Thaxter,Giorgini,tgiorginigt@spiegel.de,Male,22.8.85.139
607,Niles,Wippermann,nwippermanngu@xing.com,Male,99.198.251.235
608,Hobard,Ripping,hrippinggv@ustream.tv,Male,7.134.33.208
609,Melessa,Blachford,mblachfordgw@seesaa.net,Female,30.103.75.132
610,Wright,Pinkstone,wpinkstonegx@gmpg.org,Male,135.78.4.252
611,Bentley,Tomasz,btomaszgy@si.edu,Male,108.148.48.32
612,Ginny,Niland,gnilandgz@ifeng.com,Polygender,28.25.222.48
613,Wilone,Binnie,wbinnieh0@google.ca,Female,242.142.224.129
614,Talbot,Erlam,terlamh1@telegraph.co.uk,Male,68.204.214.167
615,Monty,Godley,mgodleyh2@yolasite.com,Male,195.71.100.216
616,Anny,Tidbold,atidboldh3@biglobe.ne.jp,Female,179.204.48.84
617,Abbi,Oventon,aoventonh4@acquirethisname.com,Female,13.59.82.171
618,Gardener,Keeley,gkeeleyh5@epa.gov,Male,233.82.18.20
619,Fredrika,Leaton,fleatonh6@cisco.com,Female,39.25.195.62
620,Kayla,Treneer,ktreneerh7@pagesperso-orange.fr,Female,112.57.79.137
621,Clyve,Polkinhorn,cpolkinhornh8@irs.gov,Male,168.97.65.91
622,Bendick,Wernher,bwernherh9@mediafire.com,Non-binary,90.72.209.139
623,Felipe,Semerad,fsemeradha@smugmug.com,Male,108.236.133.109
624,Ingmar,Diggle,idigglehb@hatena.ne.jp,Male,143.158.44.164
625,Cookie,MacCollom,cmaccollomhc@vimeo.com,Female,193.152.84.196
626,Thoma,Swigg,tswigghd@usgs.gov,Male,231.4.31.9
627,Silvan,Rennebach,srennebachhe@weibo.com,Male,171.2.254.152
628,Lennard,Addyman,laddymanhf@discuz.net,Male,251.17.100.117
629,Blakeley,Pinkie,bpinkiehg@purevolume.com,Female,201.187.61.144
630,Margo,Vinter,mvinterhh@redcross.org,Female,75.165.177.128
631,Moina,Seeds,mseedshi@themeforest.net,Female,28.117.27.209
632,Marieann,Di Dello,mdidellohj@bloglines.com,Female,54.104.30.83
633,Rex,Brosio,rbrosiohk@home.pl,Male,243.172.2.67
634,Lurline,Lilian,llilianhl@4shared.com,Female,34.168.181.227
635,Ugo,Gostling,ugostlinghm@elegantthemes.com,Male,148.124.147.37
636,Demetri,Chisnell,dchisnellhn@clickbank.net,Male,224.253.242.30
637,Giovanna,Hurlston,ghurlstonho@apache.org,Female,151.226.208.97
638,Hewitt,Dmitriev,hdmitrievhp@tumblr.com,Male,33.147.197.164
639,Sutton,Jordi,sjordihq@w3.org,Male,22.227.18.40
640,Davis,Andrewartha,dandrewarthahr@mtv.com,Male,169.122.212.19
641,Shawna,Huster,shusterhs@dagondesign.com,Female,107.31.180.23
642,Anderea,Landrean,alandreanht@apache.org,Female,144.102.201.195
643,Haywood,Beadle,hbeadlehu@surveymonkey.com,Male,136.235.133.33
644,Augy,Meijer,ameijerhv@zimbio.com,Male,245.108.123.181
645,Marnia,Duncan,mduncanhw@washingtonpost.com,Female,156.186.12.48
646,Issiah,Pavic,ipavichx@redcross.org,Male,194.246.240.237
647,Pate,Govinlock,pgovinlockhy@sfgate.com,Male,175.159.114.26
648,Cindra,Wybern,cwybernhz@naver.com,Female,161.24.34.103
649,Denyse,Blagden,dblagdeni0@feedburner.com,Female,235.100.220.161
650,Dianne,Betonia,dbetoniai1@cafepress.com,Female,166.56.232.226
651,Corri,Orsi,corsii2@meetup.com,Female,50.215.184.187
652,Sherm,Akram,sakrami3@state.tx.us,Male,166.80.183.108
653,Killian,Crumbleholme,kcrumbleholmei4@cbslocal.com,Male,60.161.199.97
654,Chaddie,Orchard,corchardi5@posterous.com,Male,17.236.255.134
655,Amabelle,Berkowitz,aberkowitzi6@purevolume.com,Female,229.83.205.176
656,Fiann,Iacomi,fiacomii7@telegraph.co.uk,Female,156.199.96.205
657,Kevin,Gimblett,kgimbletti8@macromedia.com,Male,255.15.36.167
658,Bert,Paulmann,bpaulmanni9@spotify.com,Male,65.201.249.239
659,Michelle,Bickell,mbickellia@clickbank.net,Female,35.232.187.228
660,Jodie,Scimone,jscimoneib@abc.net.au,Female,173.159.209.91
661,Carma,Woodroff,cwoodroffic@artisteer.com,Female,70.9.173.22
662,Hunt,Iglesiaz,higlesiazid@chronoengine.com,Male,211.166.220.31
663,Lydon,Cord,lcordie@columbia.edu,Male,236.124.169.16
664,Marquita,Urey,mureyif@hugedomains.com,Bigender,72.96.53.50
665,Derek,Cozzi,dcozziig@sciencedirect.com,Male,133.14.202.145
666,Roxane,MattiCCI,rmatticciih@ustream.tv,Female,62.217.77.72
667,Natale,MacAskie,nmacaskieii@seesaa.net,Male,72.192.223.126
668,Lorain,Decourcy,ldecourcyij@imdb.com,Female,122.152.120.196
669,Marshall,Hernik,mhernikik@bigcartel.com,Non-binary,173.206.215.162
670,Mariel,Budnik,mbudnikil@so-net.ne.jp,Female,144.225.36.209
671,Batholomew,Duckit,bduckitim@thetimes.co.uk,Male,31.111.134.167
672,Dorothy,Filpi,dfilpiin@purevolume.com,Female,28.184.7.235
673,Fletcher,Spilsted,fspilstedio@state.tx.us,Male,181.136.10.202
674,Wright,Maidlow,wmaidlowip@nydailynews.com,Male,116.6.195.137
675,Mary,Ranstead,mransteadiq@ow.ly,Female,150.57.235.91
676,Constantia,Greatrakes,cgreatrakesir@rakuten.co.jp,Female,0.66.134.212
677,Bessy,Grassin,bgrassinis@biglobe.ne.jp,Female,209.83.230.78
678,Joelynn,Dalglish,jdalglishit@godaddy.com,Female,140.237.204.97
679,Roxi,Eannetta,reannettaiu@infoseek.co.jp,Female,244.214.185.28
680,Johnette,Foan,jfoaniv@discovery.com,Female,67.177.20.154
681,Silvan,Whiteoak,swhiteoakiw@unicef.org,Male,155.176.79.227
682,Janet,Rackley,jrackleyix@sciencedirect.com,Female,200.125.117.84
683,Robers,Shand,rshandiy@arstechnica.com,Male,193.85.146.141
684,Orly,Pellant,opellantiz@xrea.com,Female,169.189.143.168
685,Krishna,Pischel,kpischelj0@ycombinator.com,Male,141.43.46.121
686,Yelena,Reyson,yreysonj1@google.co.jp,Female,122.21.39.37
687,Lilyan,Jardin,ljardinj2@youtu.be,Female,181.207.212.217
688,Booth,Roke,brokej3@ft.com,Agender,53.21.236.33
689,Rianon,Ipwell,ripwellj4@apple.com,Polygender,16.228.23.95
690,Stacy,Tocknell,stocknellj5@wisc.edu,Female,211.73.130.164
691,Gunilla,Thacke,gthackej6@about.me,Female,229.101.198.141
692,Laryssa,Delacourt,ldelacourtj7@mozilla.org,Female,101.179.207.51
693,Barthel,Stothart,bstothartj8@bizjournals.com,Male,24.203.56.97
694,Nellie,Popworth,npopworthj9@omniture.com,Female,177.30.190.77
695,Yehudi,Lismer,ylismerja@timesonline.co.uk,Male,246.237.100.192
696,Hamnet,Knoton,hknotonjb@angelfire.com,Male,140.142.156.184
697,Cathlene,Trobe,ctrobejc@networksolutions.com,Female,207.254.163.190
698,Todd,Trowsdall,ttrowsdalljd@tumblr.com,Agender,173.21.229.151
699,Mikaela,Winser,mwinserje@discuz.net,Female,254.158.153.60
700,Caryl,Havvock,chavvockjf@dropbox.com,Non-binary,195.9.167.78
701,Cullie,Wemyss,cwemyssjg@wikimedia.org,Male,107.137.134.233
702,Ilse,Kolczynski,ikolczynskijh@ocn.ne.jp,Female,140.212.59.79
703,Vance,Tomczak,vtomczakji@ovh.net,Male,59.67.146.84
704,Eustace,Knagges,eknaggesjj@ca.gov,Male,212.104.175.110
705,Wilma,Ogle,woglejk@theatlantic.com,Female,76.167.83.125
706,Opaline,Bastian,obastianjl@ihg.com,Female,93.140.126.70
707,Joy,Chiese,jchiesejm@liveinternet.ru,Non-binary,104.109.114.117
708,Ramsey,Leipoldt,rleipoldtjn@liveinternet.ru,Male,212.196.77.129
709,Bill,Bortolotti,bbortolottijo@reverbnation.com,Female,231.206.200.164
710,Hally,Roome,hroomejp@cloudflare.com,Non-binary,98.76.182.170
711,Jilly,McAllen,jmcallenjq@reference.com,Female,71.19.201.113
712,Vic,McLaggan,vmclagganjr@spiegel.de,Male,21.65.229.3
713,Pietrek,Mateuszczyk,pmateuszczykjs@sphinn.com,Male,170.49.102.180
714,Nonnah,Caughtry,ncaughtryjt@elpais.com,Female,206.80.14.6
715,Caryn,Malimoe,cmalimoeju@qq.com,Female,232.215.191.112
716,Wendell,Feige,wfeigejv@altervista.org,Male,46.7.89.94
717,Meridel,Furlong,mfurlongjw@dot.gov,Female,223.0.162.68
718,Siward,Blundell,sblundelljx@prnewswire.com,Male,247.2.146.241
719,Jervis,Willan,jwillanjy@skyrock.com,Male,173.230.178.209
720,Basilius,Garrelts,bgarreltsjz@elpais.com,Male,176.202.163.53
721,Debby,Beckford,dbeckfordk0@ucoz.com,Female,110.219.104.185
722,Morgun,Stedall,mstedallk1@webeden.co.uk,Polygender,99.246.224.168
723,Mandel,Luipold,mluipoldk2@cmu.edu,Male,53.194.97.39
724,Burr,Edson,bedsonk3@about.com,Male,72.63.143.235
725,Garrott,Forton,gfortonk4@taobao.com,Male,79.16.131.81
726,Dyann,Joesbury,djoesburyk5@quantcast.com,Female,73.146.165.34
727,Hillier,Thickin,hthickink6@latimes.com,Male,31.103.124.49
728,Warren,Rohlf,wrohlfk7@etsy.com,Male,20.232.222.106
729,Raynor,Liddyard,rliddyardk8@hc360.com,Male,93.87.204.122
730,Tiebold,Benko,tbenkok9@zimbio.com,Male,97.236.156.218
731,Caty,Menendes,cmenendeska@mlb.com,Female,17.231.59.161
732,Enrica,Brushfield,ebrushfieldkb@wufoo.com,Female,54.142.80.4
733,Letitia,Jaffa,ljaffakc@wired.com,Female,188.39.165.197
734,Rachel,Gage,rgagekd@nps.gov,Female,247.235.108.26
735,Doll,Bende,dbendeke@sogou.com,Female,246.0.163.201
736,Lillis,Crossdale,lcrossdalekf@woothemes.com,Female,236.44.235.176
737,Kinsley,Backhouse,kbackhousekg@abc.net.au,Male,187.169.180.110
738,Ethelyn,Shufflebotham,eshufflebothamkh@istockphoto.com,Female,72.66.181.72
739,Sydelle,Priestner,spriestnerki@oakley.com,Female,195.58.224.167
740,Garnette,Cudworth,gcudworthkj@state.tx.us,Female,36.189.21.199
741,Chariot,Realph,crealphkk@google.cn,Male,25.54.137.70
742,Carlye,Beecroft,cbeecroftkl@facebook.com,Female,247.246.213.23
743,Lindie,Fidelus,lfideluskm@diigo.com,Female,217.115.88.152
744,Korella,Core,kcorekn@about.com,Female,200.54.235.211
745,Hannah,Batterham,hbatterhamko@storify.com,Female,226.243.30.25
746,Kristofer,Radish,kradishkp@theglobeandmail.com,Male,250.38.72.111
747,Berry,Ivashintsov,bivashintsovkq@ovh.net,Female,153.109.56.131
748,Dixie,Gilfillan,dgilfillankr@hostgator.com,Genderfluid,22.215.224.243
749,Cynthie,D'Angeli,cdangeliks@soundcloud.com,Female,74.1.148.252
750,Mic,Stienton,mstientonkt@simplemachines.org,Male,1.147.74.14
751,Cherice,Semeniuk,csemeniukku@etsy.com,Female,34.47.25.86
752,Wilona,Baline,wbalinekv@usatoday.com,Female,165.82.127.142
753,Shea,Grewcock,sgrewcockkw@army.mil,Female,133.65.98.103
754,Hilly,Barham,hbarhamkx@wordpress.org,Male,222.254.129.232
755,Gerard,Staterfield,gstaterfieldky@amazon.co.uk,Male,55.172.142.133
756,Lorena,Keune,lkeunekz@theguardian.com,Female,21.27.229.240
757,Any,Etter,aetterl0@who.int,Male,21.214.117.69
758,Maynard,Speenden,mspeendenl1@sogou.com,Male,74.185.164.28
759,Connie,Shaylor,cshaylorl2@pen.io,Female,131.220.82.182
760,Amory,Goodliff,agoodliffl3@kickstarter.com,Bigender,9.162.255.254
761,Care,Usborn,cusbornl4@lycos.com,Male,197.88.135.82
762,Nert,Coughtrey,ncoughtreyl5@nature.com,Polygender,21.95.47.150
763,Geno,Gullivent,ggulliventl6@mediafire.com,Male,194.52.55.1
764,Aurelia,McWhannel,amcwhannell7@tamu.edu,Female,28.79.216.36
765,Marilyn,Nyles,mnylesl8@economist.com,Female,252.137.217.163
766,Hamlin,Zanazzi,hzanazzil9@issuu.com,Male,253.233.173.76
767,Zelig,Spearman,zspearmanla@amazon.de,Male,236.49.34.223
768,Rahal,Looker,rlookerlb@nature.com,Female,69.105.234.200
769,Kory,Peare,kpearelc@odnoklassniki.ru,Male,61.117.207.64
770,Louie,Schoffel,lschoffelld@vimeo.com,Male,141.26.217.44
771,Kacy,Allenson,kallensonle@about.me,Female,221.109.34.249
772,Lizzy,Shelmardine,lshelmardinelf@stanford.edu,Female,113.19.50.90
773,Jon,Cuffley,jcuffleylg@weather.com,Male,0.240.201.11
774,Janeczka,Andrag,jandraglh@ow.ly,Female,145.25.10.202
775,Rebekkah,Blackborn,rblackbornli@1688.com,Female,104.154.220.148
776,Wells,Duny,wdunylj@yahoo.com,Male,205.197.157.63
777,Niel,Sowersby,nsowersbylk@businessinsider.com,Male,100.186.2.189
778,Tomas,St Pierre,tstpierrell@biglobe.ne.jp,Male,146.224.98.87
779,Ermentrude,Scade,escadelm@intel.com,Female,245.225.105.166
780,Fee,Syres,fsyresln@twitpic.com,Male,210.19.29.27
781,Harvey,Theseira,htheseiralo@craigslist.org,Male,50.231.150.226
782,Harwilll,Whitham,hwhithamlp@mayoclinic.com,Male,129.1.250.219
783,Aimil,Shirlaw,ashirlawlq@lycos.com,Female,118.78.31.212
784,Hermann,Dutton,hduttonlr@4shared.com,Male,49.89.164.146
785,Roderich,Slowgrove,rslowgrovels@example.com,Male,58.53.47.89
786,Reggie,Caveney,rcaveneylt@qq.com,Female,38.49.40.151
787,Tymothy,Deverose,tdeveroselu@digg.com,Male,18.56.243.191
788,Ollie,Clew,oclewlv@ameblo.jp,Male,90.116.70.152
789,Merell,Perutto,mperuttolw@lycos.com,Agender,113.141.102.58
790,Lenna,Radage,lradagelx@joomla.org,Female,87.191.75.61
791,Vivien,Duffill,vduffillly@icio.us,Female,31.6.198.118
792,Em,Greenrod,egreenrodlz@lulu.com,Female,73.62.188.175
793,Anthony,Bohlens,abohlensm0@yelp.com,Male,70.28.56.192
794,Joela,Cure,jcurem1@amazonaws.com,Female,118.38.41.223
795,Crin,Glancey,cglanceym2@yellowbook.com,Female,206.123.50.128
796,Eden,Hand,ehandm3@google.nl,Female,83.234.218.247
797,Lila,Shinton,lshintonm4@virginia.edu,Female,175.186.116.211
798,Erl,Raftery,erafterym5@kickstarter.com,Male,78.18.39.201
799,Reid,Kemell,rkemellm6@sourceforge.net,Male,246.171.97.216
800,Warde,Nibley,wnibleym7@webs.com,Male,215.154.232.246
801,Myer,Hails,mhailsm8@patch.com,Genderfluid,87.118.27.194
802,Zarla,Landeg,zlandegm9@redcross.org,Female,35.83.106.164
803,Michele,McBay,mmcbayma@webs.com,Male,192.213.145.154
804,Coraline,Howley,chowleymb@blinklist.com,Female,242.168.196.132
805,Mylo,Pachmann,mpachmannmc@netscape.com,Male,152.103.107.218
806,Dirk,Claybourne,dclaybournemd@wufoo.com,Male,120.90.26.115
807,Yankee,O'Longain,yolongainme@google.nl,Male,191.244.132.205
808,Nessa,Laverick,nlaverickmf@si.edu,Female,224.120.156.161
809,Granville,Scotts,gscottsmg@soundcloud.com,Male,137.246.242.210
810,Harli,Roelofsen,hroelofsenmh@jigsy.com,Female,11.173.172.193
811,Murdoch,Stirland,mstirlandmi@paginegialle.it,Male,101.207.217.251
812,Ema,Kenny,ekennymj@mail.ru,Female,106.205.34.72
813,Carma,Szreter,cszretermk@cmu.edu,Female,90.57.107.28
814,Sammie,Eymer,seymerml@facebook.com,Male,128.36.237.8
815,Felicity,Portam,fportammm@indiatimes.com,Female,78.213.99.66
816,Levy,Stapford,lstapfordmn@noaa.gov,Non-binary,138.97.1.255
817,Petronia,Joselson,pjoselsonmo@wunderground.com,Female,49.198.39.214
818,Regina,Bains,rbainsmp@histats.com,Female,65.91.100.131
819,Janeczka,Kellett,jkellettmq@ifeng.com,Female,47.107.223.245
820,Gibb,Serjeant,gserjeantmr@marketwatch.com,Male,139.2.161.7
821,Jessee,Ales,jalesms@census.gov,Male,97.249.174.182
822,Claire,Haquard,chaquardmt@fc2.com,Female,78.11.126.85
823,Buckie,Ellaman,bellamanmu@theglobeandmail.com,Genderqueer,23.209.175.249
824,Rosella,Ellesworthe,rellesworthemv@omniture.com,Female,174.33.110.242
825,Aigneis,Breslin,abreslinmw@hugedomains.com,Female,217.235.66.196
826,Whitney,Chesman,wchesmanmx@ycombinator.com,Male,90.108.132.85
827,Beniamino,Treharne,btreharnemy@wufoo.com,Male,137.246.112.72
828,Myrlene,Jaume,mjaumemz@nba.com,Female,237.168.232.235
829,Vallie,Gobat,vgobatn0@twitpic.com,Female,147.59.174.200
830,Raphael,Grimsdell,rgrimsdelln1@facebook.com,Male,7.8.65.240
831,Gualterio,Effaunt,geffauntn2@cdc.gov,Male,130.230.15.92
832,Annaliese,Fontell,afontelln3@apache.org,Female,182.231.34.218
833,Darla,Lohering,dloheringn4@goo.ne.jp,Female,211.203.94.241
834,Leisha,Halwood,lhalwoodn5@cnet.com,Female,57.38.154.180
835,Desmond,Skuce,dskucen6@latimes.com,Male,1.3.177.197
836,Melosa,Burdoun,mburdounn7@amazon.com,Female,140.168.176.76
837,Kingsley,Persence,kpersencen8@google.co.uk,Male,152.73.0.128
838,Celestia,Mendus,cmendusn9@scribd.com,Female,210.72.93.65
839,Michell,Bowmer,mbowmerna@time.com,Female,91.87.43.132
840,Wanids,Nesey,wneseynb@goo.ne.jp,Female,40.85.239.176
841,Lynett,Acory,lacorync@usatoday.com,Female,204.142.27.115
842,Florie,McCaffery,fmccafferynd@eventbrite.com,Female,175.219.4.180
843,Francesco,Powling,fpowlingne@symantec.com,Polygender,49.26.239.12
844,Laurella,O'Grady,logradynf@infoseek.co.jp,Female,155.132.26.232
845,Melisande,Hallsworth,mhallsworthng@g.co,Female,158.126.236.84
846,Burnard,Silveston,bsilvestonnh@flavors.me,Non-binary,206.207.204.15
847,Josi,Lettice,jletticeni@theglobeandmail.com,Agender,6.108.167.220
848,Alva,Petrushanko,apetrushankonj@ocn.ne.jp,Male,249.216.146.118
849,Genny,Armfirld,garmfirldnk@nydailynews.com,Female,234.163.11.65
850,Tonie,Skingle,tskinglenl@nsw.gov.au,Female,38.158.14.140
851,Datha,Arrighetti,darrighettinm@webs.com,Female,95.143.169.154
852,Sallyann,Casiero,scasieronn@wiley.com,Female,25.25.104.58
853,Cort,Overel,coverelno@bbc.co.uk,Male,196.162.216.82
854,Kettie,Benedicte,kbenedictenp@bandcamp.com,Female,77.115.97.98
855,Belle,Morhall,bmorhallnq@shinystat.com,Female,37.230.51.73
856,Josias,Iacomi,jiacominr@oracle.com,Male,200.177.167.180
857,Nona,Cobbald,ncobbaldns@army.mil,Female,82.160.178.116
858,Derby,Tunder,dtundernt@joomla.org,Male,124.55.98.41
859,Tomasina,Tomenson,ttomensonnu@google.pl,Female,89.17.145.46
860,Shelia,Giannotti,sgiannottinv@hatena.ne.jp,Female,13.195.230.153
861,Jami,Gosnold,jgosnoldnw@usnews.com,Female,47.182.204.154
862,Sinclair,Harrop,sharropnx@google.com.au,Genderfluid,171.11.181.148
863,Jackie,O' Loughran,joloughranny@com.com,Male,38.71.16.22
864,Olivier,Northall,onorthallnz@cloudflare.com,Male,110.52.34.37
865,Hayes,Shevels,hshevelso0@live.com,Male,50.86.190.182
866,Andreana,Hacquard,ahacquardo1@shareasale.com,Female,221.21.250.28
867,Brynne,Wrotchford,bwrotchfordo2@topsy.com,Female,79.5.81.28
868,Leola,Capnerhurst,lcapnerhursto3@abc.net.au,Genderqueer,219.178.108.30
869,Juditha,Graine,jgraineo4@wordpress.org,Female,255.230.84.45
870,Skell,Nortcliffe,snortcliffeo5@dagondesign.com,Male,83.204.255.8
871,Tam,Horbart,thorbarto6@dion.ne.jp,Male,200.38.40.139
872,Kennith,McGougan,kmcgougano7@wikimedia.org,Agender,8.114.84.45
873,Brandtr,Kilgallon,bkilgallono8@paypal.com,Male,163.212.70.36
874,Bernette,Maypother,bmaypothero9@trellian.com,Female,39.220.56.196
875,Edik,Quinion,equinionoa@skyrock.com,Polygender,80.62.160.140
876,Alysa,Lovart,alovartob@tamu.edu,Female,188.66.174.54
877,Katine,Broderick,kbroderickoc@zdnet.com,Female,245.57.68.103
878,Ferrell,Danilovic,fdanilovicod@canalblog.com,Male,197.69.61.59
879,Nellie,Sakins,nsakinsoe@netvibes.com,Female,142.35.110.196
880,Coriss,Ginn,cginnof@mediafire.com,Female,236.182.190.190
881,Willem,Botfield,wbotfieldog@dailymotion.com,Male,249.190.185.235
882,Robin,Bolle,rbolleoh@noaa.gov,Male,114.4.103.115
883,Millicent,McLleese,mmclleeseoi@hugedomains.com,Female,187.202.220.255
884,Trix,Christofe,tchristofeoj@berkeley.edu,Female,129.48.27.45
885,Britte,Pfeifer,bpfeiferok@utexas.edu,Female,116.77.89.79
886,Herb,Wynter,hwynterol@skype.com,Male,220.159.248.39
887,Charlotta,Kliemann,ckliemannom@purevolume.com,Female,153.146.132.29
888,Lynsey,Venes,lveneson@skyrock.com,Female,55.98.40.207
889,Joyous,Attril,jattriloo@smh.com.au,Female,65.211.168.214
890,Ada,Kilkenny,akilkennyop@answers.com,Female,185.204.122.112
891,Brod,Crofthwaite,bcrofthwaiteoq@t.co,Male,2.56.50.235
892,Krishna,Olczyk,kolczykor@about.me,Male,30.19.220.234
893,Artair,Oxenham,aoxenhamos@i2i.jp,Male,46.33.225.115
894,Barbra,Carek,bcarekot@auda.org.au,Female,217.73.239.205
895,Farra,Benedetti,fbenedettiou@dion.ne.jp,Female,42.33.143.109
896,Casandra,Inseal,cinsealov@bbc.co.uk,Female,222.108.238.149
897,Frederique,McLoughlin,fmcloughlinow@hubpages.com,Female,232.234.191.78
898,Urbain,Billingham,ubillinghamox@ask.com,Male,137.151.82.113
899,Claire,Akett,cakettoy@printfriendly.com,Female,64.96.66.186
900,Cammy,Loffill,cloffilloz@paginegialle.it,Female,246.209.5.91
901,Valerye,Shattock,vshattockp0@hibu.com,Female,205.42.201.175
902,Talya,Ganing,tganingp1@seesaa.net,Female,207.40.222.55
903,Maude,Kerwick,mkerwickp2@economist.com,Female,184.70.178.168
904,Lory,Beglin,lbeglinp3@over-blog.com,Female,46.226.146.217
905,Rustin,Claremont,rclaremontp4@umn.edu,Male,215.224.16.0
906,Arden,Tomaselli,atomasellip5@indiegogo.com,Female,5.72.88.206
907,Danya,Honeyghan,dhoneyghanp6@amazon.de,Female,77.149.61.50
908,Lynelle,Wherrett,lwherrettp7@godaddy.com,Female,246.117.28.162
909,Solomon,Ketteridge,sketteridgep8@prweb.com,Male,192.180.110.172
910,Alisa,Goodger,agoodgerp9@opensource.org,Female,205.215.10.162
911,Mariya,Carnoghan,mcarnoghanpa@studiopress.com,Female,47.131.161.26
912,Everett,Creber,ecreberpb@imgur.com,Male,29.224.110.143
913,Rand,Hursthouse,rhursthousepc@aol.com,Male,172.75.18.91
914,Hastings,Sargood,hsargoodpd@java.com,Male,35.219.78.13
915,Finley,Wolseley,fwolseleype@delicious.com,Male,31.234.215.29
916,Belia,Levitt,blevittpf@paginegialle.it,Female,136.71.168.142
917,Russ,Smullin,rsmullinpg@over-blog.com,Male,115.41.232.191
918,Joey,Jerams,jjeramsph@redcross.org,Male,207.67.209.14
919,Maximilian,MacClay,mmacclaypi@ucla.edu,Male,190.98.149.160
920,Felicio,State,fstatepj@phpbb.com,Male,140.207.84.4
921,Jojo,Schimann,jschimannpk@geocities.jp,Female,253.20.196.200
922,Carma,Dickens,cdickenspl@amazon.com,Polygender,84.159.77.171
923,Issiah,Carlens,icarlenspm@constantcontact.com,Male,10.24.242.236
924,Dana,McCaughen,dmccaughenpn@tamu.edu,Agender,37.201.172.9
925,Pryce,Usmar,pusmarpo@quantcast.com,Male,226.1.46.168
926,Elfreda,Kyllford,ekyllfordpp@newyorker.com,Female,45.167.202.71
927,Lauri,Kisbey,lkisbeypq@51.la,Female,186.231.255.116
928,Max,Fausch,mfauschpr@harvard.edu,Male,157.62.1.76
929,Lita,Nulty,lnultyps@reverbnation.com,Female,127.7.222.157
930,Rennie,Skin,rskinpt@ow.ly,Female,209.12.207.31
931,Lew,Ralph,lralphpu@archive.org,Male,138.46.158.212
932,Rusty,Duell,rduellpv@ebay.com,Male,231.249.200.133
933,Janetta,Yakobovitz,jyakobovitzpw@photobucket.com,Female,135.233.3.120
934,Kalinda,Petrashkov,kpetrashkovpx@unblog.fr,Female,108.6.52.186
935,Bennett,Blastock,bblastockpy@nature.com,Polygender,87.14.6.138
936,Alejoa,McGillreich,amcgillreichpz@blog.com,Male,104.165.74.22
937,Mitzi,Hebson,mhebsonq0@wunderground.com,Female,148.14.180.10
938,Tedda,Davidoff,tdavidoffq1@e-recht24.de,Genderfluid,186.15.186.94
939,Garrott,Szymoni,gszymoniq2@nyu.edu,Male,164.108.40.133
940,Thornie,Golton,tgoltonq3@amazon.co.jp,Male,214.189.166.252
941,Vincents,Bessell,vbessellq4@ed.gov,Male,43.131.140.228
942,Ingrim,Rookes,irookesq5@scientificamerican.com,Male,26.78.139.235
943,Rich,Smaling,rsmalingq6@wordpress.com,Male,170.29.35.6
944,Charles,Matousek,cmatousekq7@dmoz.org,Male,228.49.8.157
945,Hannah,Kivell,hkivellq8@dailymail.co.uk,Female,175.34.166.151
946,Shepherd,Presswell,spresswellq9@amazon.de,Male,147.130.189.179
947,Webb,Peverell,wpeverellqa@abc.net.au,Male,125.166.0.77
948,Ulrica,Haigh,uhaighqb@mapquest.com,Female,179.159.248.169
949,Sayres,Gladding,sgladdingqc@baidu.com,Genderfluid,24.6.96.31
950,Lionello,Barneville,lbarnevilleqd@studiopress.com,Male,187.203.148.47
951,Ilaire,Trustie,itrustieqe@usatoday.com,Male,237.141.74.28
952,Maridel,Evison,mevisonqf@ucoz.ru,Female,248.255.15.35
953,Yard,Sunman,ysunmanqg@phoca.cz,Male,243.220.213.23
954,Miran,Muldowney,mmuldowneyqh@opensource.org,Female,146.53.225.28
955,Charmion,Papaminas,cpapaminasqi@xrea.com,Non-binary,129.232.202.249
956,Lyndell,Durning,ldurningqj@nhs.uk,Genderqueer,108.59.145.130
957,Marya,Deftie,mdeftieqk@princeton.edu,Female,28.40.44.82
958,Devi,Doding,ddodingql@parallels.com,Female,164.52.101.23
959,Maybelle,Zanussii,mzanussiiqm@vimeo.com,Female,156.227.27.4
960,Clemmie,Anthona,canthonaqn@posterous.com,Female,200.94.176.226
961,Annaliese,Sandaver,asandaverqo@ox.ac.uk,Female,178.66.31.37
962,Vasilis,Brognot,vbrognotqp@mapy.cz,Genderqueer,25.200.138.146
963,Lorelle,Hancell,lhancellqq@youtube.com,Female,205.116.74.203
964,Eloise,Holde,eholdeqr@webmd.com,Female,6.1.144.73
965,Boothe,Brotheridge,bbrotheridgeqs@msu.edu,Male,160.114.138.52
966,Cathrine,Jovovic,cjovovicqt@hud.gov,Female,254.115.158.135
967,Burr,Dradey,bdradeyqu@csmonitor.com,Male,101.136.171.64
968,Noni,Ainley,nainleyqv@ocn.ne.jp,Female,226.174.238.158
969,Caressa,Helkin,chelkinqw@disqus.com,Female,29.142.76.60
970,Nevins,Leynham,nleynhamqx@deviantart.com,Male,103.68.224.138
971,Carolee,Mountlow,cmountlowqy@dmoz.org,Female,218.64.70.189
972,Deedee,Semark,dsemarkqz@ustream.tv,Female,223.67.28.97
973,Sashenka,Sprowle,ssprowler0@surveymonkey.com,Female,71.113.152.54
974,Farr,Everard,feverardr1@jimdo.com,Polygender,62.164.152.217
975,Ray,Buttrey,rbuttreyr2@infoseek.co.jp,Male,169.255.70.163
976,Saunders,Puller,spullerr3@mapquest.com,Male,92.147.27.27
977,Wolfy,Ivie,wivier4@csmonitor.com,Male,242.23.10.42
978,Dix,Mandrey,dmandreyr5@360.cn,Female,10.174.190.128
979,Kristofor,Souley,ksouleyr6@ning.com,Male,74.167.170.138
980,Maxy,Abbitt,mabbittr7@blogtalkradio.com,Female,64.0.185.142
981,Laurice,Lebbern,llebbernr8@prweb.com,Female,145.163.46.239
982,Lorraine,Petracco,lpetraccor9@redcross.org,Female,246.101.98.158
983,Elana,Stetlye,estetlyera@nba.com,Bigender,14.61.34.85
984,Hebert,Haberjam,hhaberjamrb@cpanel.net,Male,243.25.185.3
985,Carolyn,Mair,cmairrc@mit.edu,Female,245.207.162.97
986,Darrin,Baiyle,dbaiylerd@theguardian.com,Male,135.168.244.64
987,Silvio,Nellis,snellisre@statcounter.com,Male,250.31.185.178
988,Barde,Sivil,bsivilrf@ucla.edu,Male,35.247.2.76
989,Gasparo,Domerque,gdomerquerg@smugmug.com,Male,5.115.128.113
990,Salli,Parrett,sparrettrh@soundcloud.com,Genderqueer,50.102.79.227
991,Marji,Dionisetti,mdionisettiri@psu.edu,Female,241.45.242.161
992,Robinetta,Scholz,rscholzrj@washingtonpost.com,Female,237.225.172.31
993,Lukas,Romayne,lromaynerk@nytimes.com,Male,75.117.151.236
994,Aldo,D'Orsay,adorsayrl@state.gov,Male,39.182.176.24
995,Valerie,Benko,vbenkorm@cmu.edu,Female,105.2.199.207
996,Wood,Favel,wfavelrn@example.com,Male,101.65.206.46
997,Raymund,Conkling,rconklingro@tumblr.com,Male,158.77.246.124
998,Bastian,Sigward,bsigwardrp@google.ru,Genderqueer,255.162.133.174
999,Tanitansy,Waldram,twaldramrq@blog.com,Female,39.4.224.27
1000,Terri,Wint,twintrr@oracle.com,Female,182.245.22.224
